contest_id,problem_id,total_count,gnu_cpp,ms_cpp,gnu_c,gnu_cpp0x,gnu_cpp11,gnu_c11,gnu_cpp14,gnu_cpp_diagnostics,clangpp_17_diagnostics,gnu_cpp17
791,a,16371,3228,751,825,0,4421,675,5398,29,17,1027
1087,f,34,0,0,0,0,14,0,9,0,0,11
1087,a,3258,0,74,0,0,800,51,1410,0,1,922
1087,e,106,0,0,0,0,50,0,28,0,0,28
1087,b,2988,0,32,0,0,761,21,1278,0,1,895
1087,c,1782,0,12,0,0,455,3,768,0,1,543
1087,d,1414,0,8,0,0,388,0,564,0,1,453
956,e,177,25,0,0,0,65,0,76,0,0,11
956,b,637,101,3,1,0,206,0,298,0,0,28
956,f,3,1,0,0,0,0,0,1,0,0,1
956,a,653,99,4,0,0,218,2,302,0,0,28
956,c,603,93,4,0,0,190,0,291,0,0,25
956,d,308,52,0,0,0,98,0,134,0,0,24
476,a,12446,5345,734,741,452,2483,166,2064,12,5,444
492,a,13245,5762,1054,976,586,2510,215,1749,5,0,388
492,b,16009,6071,805,507,486,3839,65,3462,2,6,766
141,a,13290,4333,911,697,174,3198,217,3084,17,4,655
1063,f,143,0,0,0,0,52,0,51,0,0,40
1063,a,1347,0,18,0,0,527,6,458,0,2,336
1063,e,120,0,0,0,0,51,0,44,0,0,25
1063,b,1136,0,6,0,0,478,0,391,0,0,261
1063,c,829,0,2,0,0,336,0,298,0,0,193
1063,d,243,0,0,0,0,82,0,92,0,0,69
136,a,17443,5361,1162,1044,209,4478,400,3828,16,10,935
270,a,10183,3521,500,763,126,2392,205,2161,8,3,504
887,b,3713,636,82,30,0,997,10,1891,2,1,64
887,e,79,11,0,0,0,26,0,39,0,0,3
887,a,6688,1407,224,130,0,1650,36,3114,13,2,112
887,f,65,6,1,0,0,23,0,34,0,0,1
887,d,375,62,4,0,0,97,0,203,0,0,9
887,c,2141,342,39,14,0,609,3,1094,1,1,38
913,f,239,32,2,0,0,73,0,123,0,0,9
913,a,9637,1428,216,315,0,2321,89,4823,89,0,356
913,e,546,53,3,1,0,164,0,311,0,0,14
913,b,6871,906,109,51,0,1770,15,3762,21,0,237
913,h,63,5,0,0,0,14,0,42,0,0,2
913,g,72,9,0,0,0,19,0,38,0,0,6
913,c,4258,582,68,12,0,1124,4,2334,16,0,118
913,d,3002,326,49,2,0,864,3,1687,0,0,71
964,d,696,90,1,0,0,190,0,329,0,0,86
964,c,1310,178,8,0,0,353,2,602,0,0,167
964,b,3093,450,51,13,0,799,5,1389,4,0,382
964,e,54,11,1,0,0,19,0,14,0,0,9
964,a,5249,840,127,136,0,1266,42,2183,19,1,635
1051,f,1181,0,7,0,0,508,1,384,0,0,281
1051,a,5086,0,66,0,0,1501,45,2238,0,0,1236
1051,e,383,0,3,0,0,125,1,157,0,0,97
1051,b,6059,0,82,0,0,1745,69,2660,0,0,1503
1051,g,77,0,0,0,0,38,0,27,0,0,12
1051,c,4241,0,40,0,0,1234,16,1902,0,0,1049
1051,d,3003,0,35,0,0,969,9,1238,0,0,752
919,d,3543,475,34,1,0,1011,0,1873,0,0,149
919,c,5739,822,77,46,0,1390,17,3220,0,0,167
919,a,8727,1575,261,235,0,2036,68,4219,42,2,289
919,f,173,19,2,0,0,63,0,82,0,0,7
919,b,9291,1534,204,183,0,2133,115,4608,22,2,490
919,e,1069,147,10,1,0,295,1,565,0,0,50
980,c,2761,314,43,7,0,735,2,1177,0,0,483
980,d,1226,146,3,0,0,328,0,502,0,0,247
980,e,1200,136,21,0,0,400,0,436,0,0,207
980,b,3202,380,55,18,0,839,4,1347,1,0,558
980,f,86,18,0,0,0,28,0,28,0,0,12
980,a,6397,857,135,125,0,1578,30,2698,2,0,972
82,a,13793,6400,1535,926,264,2541,176,1580,11,1,359
1007,a,1577,314,43,0,0,371,3,525,0,2,319
1007,b,447,37,4,0,0,121,0,189,0,0,96
1007,e,25,0,1,0,0,10,0,10,0,0,4
1007,d,93,2,0,0,0,23,0,38,0,0,30
1007,c,105,10,1,0,0,33,0,41,1,0,19
1070,g,321,0,6,0,0,104,0,126,0,0,85
1070,m,32,0,0,0,0,12,0,16,0,0,4
1070,j,251,0,3,0,0,95,0,103,0,0,50
1070,d,1745,0,39,0,0,557,15,643,0,0,491
1070,i,213,0,1,0,0,57,0,96,0,0,59
1070,c,744,0,4,0,0,262,0,274,0,0,204
1070,k,1667,0,39,0,0,574,13,597,0,1,443
1070,a,847,0,8,0,0,301,0,303,0,0,235
1070,l,88,0,0,0,0,34,0,31,0,0,23
1070,f,1291,0,15,0,0,435,10,467,0,1,363
1070,b,205,0,6,0,0,54,0,85,0,0,60
1070,h,1360,0,12,0,0,435,1,499,0,0,413
1070,e,451,0,4,0,0,145,0,172,0,0,130
938,c,2339,322,23,10,0,593,0,1247,1,0,143
938,d,2216,259,21,3,0,661,0,1046,0,0,226
938,g,154,26,0,0,0,76,0,42,0,0,10
938,e,579,63,3,0,0,178,0,290,0,0,45
938,b,5464,859,111,74,0,1375,14,2742,0,1,288
938,f,185,21,3,0,0,54,0,91,0,0,16
938,a,6265,961,131,113,0,1549,39,3121,9,1,341
932,g,155,29,0,0,0,69,0,47,0,0,10
932,d,1066,183,9,0,0,298,0,506,0,0,70
932,c,2889,332,35,9,0,807,0,1574,0,0,132
932,a,5689,827,81,61,0,1438,12,2995,6,2,267
932,f,585,35,13,0,0,175,0,279,0,0,83
932,b,4689,583,69,24,0,1174,4,2546,0,2,287
932,e,1014,150,6,0,0,330,0,444,0,0,84
1100,c,3221,0,22,0,0,735,19,1411,0,0,1034
1100,d,311,0,4,0,0,87,0,110,0,1,109
1100,e,725,0,2,0,0,194,3,285,0,0,241
1100,b,3775,0,24,0,0,875,31,1658,0,0,1187
1100,f,257,0,0,0,0,87,4,94,0,0,72
1100,a,4339,0,42,0,0,981,44,1909,0,2,1361
158,a,44204,16361,4499,4525,479,8445,1415,6677,87,38,1678
158,b,22789,7933,1781,1725,305,5377,509,4122,0,11,1026
313,a,13825,5662,1306,752,202,2843,179,2395,17,4,465
723,a,15156,4142,1125,636,0,4817,279,3614,16,2,525
263,a,29803,9232,2089,2186,285,6882,867,6531,62,24,1645
993,c,587,65,3,0,0,162,0,229,0,0,128
993,d,315,36,0,0,0,97,0,126,0,0,56
993,e,761,55,6,0,0,190,0,293,0,0,217
993,b,544,61,4,0,0,141,0,221,0,0,117
993,f,22,1,0,0,0,5,0,12,0,0,4
993,a,836,121,19,2,0,213,0,330,0,0,151
1042,d,2661,0,15,0,0,918,1,1035,0,0,692
1042,c,1833,0,7,0,0,678,1,710,0,2,435
1042,b,4819,0,68,0,0,1685,13,1931,0,2,1120
1042,e,700,0,1,0,0,289,0,263,0,0,147
1042,a,5639,0,131,0,0,1947,61,2197,0,5,1298
1042,f,742,0,1,0,0,337,0,263,0,0,141
160,a,21908,7278,1435,1461,262,5447,549,4416,18,14,1028
999,d,1856,213,37,3,0,439,1,742,0,0,421
999,c,6024,699,92,58,0,1312,15,2735,2,1,1110
999,a,8094,974,210,195,0,1754,50,3466,6,3,1436
999,f,1044,134,9,4,0,263,0,407,0,0,227
999,b,6882,865,138,93,0,1480,27,3032,1,0,1246
999,e,2424,230,22,7,0,584,1,1092,1,0,487
894,c,2610,404,33,11,0,733,1,1365,6,1,56
894,d,873,84,4,0,0,307,0,467,0,0,11
894,e,909,73,1,2,0,380,0,431,0,0,22
894,b,2775,498,48,13,0,777,4,1371,5,1,58
894,a,9489,1932,262,184,0,2407,77,4176,29,3,419
900,a,6745,1149,201,181,0,1606,61,3391,0,0,156
900,b,4785,789,110,56,0,1194,19,2446,9,1,161
900,e,577,50,6,0,0,191,0,318,0,0,12
900,d,1294,159,15,2,0,376,1,681,0,0,60
900,c,2518,311,28,7,0,698,6,1374,3,0,91
977,d,5858,878,128,11,0,1481,12,2365,0,2,981
977,c,7794,1155,146,25,0,1927,12,3225,0,2,1302
977,a,13224,1845,741,321,0,3099,400,4586,41,16,2175
977,f,3853,444,41,2,0,1007,0,1624,0,0,735
977,b,8781,1274,225,92,0,2159,43,3564,9,6,1409
977,e,4709,523,53,6,0,1245,2,2023,0,0,857
899,a,5984,1314,126,118,0,1468,38,2751,1,2,166
899,f,946,109,4,0,0,308,0,506,0,0,19
899,b,1325,195,16,11,0,376,1,726,0,0,0
899,e,1189,149,11,3,0,357,0,622,0,0,47
899,d,1558,215,11,5,0,404,1,875,3,0,44
899,c,4344,740,72,42,0,1127,14,2196,4,0,149
520,a,17070,6523,934,973,811,3716,359,3017,29,5,703
520,b,13568,5046,610,257,641,3360,61,2903,10,4,676
994,d,784,65,4,3,0,208,0,356,0,0,148
994,c,1736,140,16,6,0,442,2,791,0,0,339
994,a,6164,610,105,125,0,1379,55,2789,7,3,1091
994,f,67,8,1,0,0,15,0,25,0,1,17
994,b,3504,323,22,6,0,814,5,1709,0,0,625
994,e,411,38,3,1,0,85,0,187,0,0,97
1032,f,38,0,0,0,0,13,0,13,0,0,12
1032,a,1226,0,72,0,0,288,25,343,0,1,497
1032,e,112,0,0,0,0,34,0,51,0,0,27
1032,b,862,0,35,0,0,206,15,251,0,0,355
1032,g,21,0,0,0,0,9,0,8,0,0,4
1032,c,296,0,2,0,0,73,2,80,0,1,138
1032,d,265,0,4,0,0,60,1,89,0,0,111
59,a,19460,6603,1406,1413,156,4089,611,4081,23,8,1070
1045,e,26,0,0,0,0,10,0,11,0,0,5
1045,b,200,0,0,0,0,88,0,65,0,0,47
1045,h,137,0,0,0,0,64,0,47,0,0,26
1045,f,31,0,0,0,0,20,0,8,0,0,3
1045,a,96,0,0,0,0,47,0,28,0,0,21
1045,i,464,0,2,0,0,168,1,178,0,0,115
1045,c,196,0,0,0,0,73,0,68,0,0,55
1045,d,189,0,1,0,0,90,0,63,0,0,35
1045,j,69,0,0,0,0,30,0,27,0,0,12
1045,g,258,0,0,0,0,115,0,79,0,0,64
110,a,22029,8240,1610,1574,244,4733,473,4159,35,18,943
189,a,16651,6185,781,354,253,4237,67,3980,8,3,783
1038,a,7154,0,117,0,0,1964,80,3321,0,7,1665
1038,f,160,0,0,0,0,77,0,49,0,0,34
1038,b,6407,0,92,0,0,1750,42,2995,0,2,1526
1038,e,553,0,3,0,0,249,0,166,0,0,135
1038,d,3648,0,47,0,0,1075,7,1632,0,0,887
1038,c,5320,0,62,0,0,1497,8,2487,0,1,1265
907,c,1849,210,24,3,0,536,1,1046,1,0,28
907,d,234,16,8,0,0,78,0,124,0,0,8
907,f,63,11,1,0,0,15,0,34,0,0,2
907,a,3692,670,88,63,0,939,55,1794,18,0,65
907,e,248,17,0,0,0,84,0,144,0,0,3
907,b,2646,380,51,24,0,733,10,1409,5,0,34
893,a,5699,927,168,183,0,1425,28,2834,29,0,105
893,f,737,93,2,0,0,255,0,364,0,1,22
893,b,5244,873,127,98,0,1344,22,2638,25,0,117
893,e,1385,177,9,4,0,389,4,735,0,0,67
893,d,1621,225,20,6,0,480,2,844,0,0,44
893,c,5573,833,114,8,0,1464,4,2867,0,1,282
427,a,12981,5368,963,754,354,2534,182,2296,0,4,526
122,a,25851,9586,1823,1998,268,5613,819,4555,29,21,1139
1077,a,7210,0,357,0,0,1930,268,2667,0,12,1976
1077,f1,1146,0,17,0,0,295,1,473,0,0,360
1077,b,5962,0,264,0,0,1578,110,2275,0,5,1730
1077,f2,754,0,5,0,0,212,0,282,0,0,255
1077,e,1653,0,29,0,0,458,2,656,0,2,506
1077,d,1373,0,57,0,0,372,9,526,0,5,404
1077,c,4499,0,137,0,0,1187,41,1802,0,3,1329
1000,b,3060,316,27,9,0,726,5,1372,0,0,605
1000,e,1135,60,12,1,0,334,1,435,0,0,292
1000,a,5249,654,78,35,0,1116,11,2336,8,2,1009
1000,f,1169,136,2,2,0,274,3,456,0,0,296
1000,d,1721,138,7,2,0,442,1,749,2,0,380
1000,c,3084,339,25,2,0,709,1,1348,0,0,660
1000,g,190,18,0,0,0,74,0,50,0,0,48
155,a,11379,3803,665,813,150,2757,197,2419,10,3,562
1099,d,1807,0,11,0,0,368,3,824,0,0,601
1099,c,3050,0,17,0,0,674,21,1367,0,0,971
1099,b,3797,0,36,0,0,837,42,1690,0,0,1192
1099,e,170,0,1,0,0,36,0,68,0,0,65
1099,a,4716,0,96,0,0,1022,92,2087,0,1,1418
1099,f,291,0,1,0,0,80,1,102,0,0,107
486,a,20667,8031,1613,1536,585,4118,511,3383,24,13,853
948,e,177,44,0,1,0,51,2,62,0,0,17
948,b,1618,276,15,6,0,440,1,774,0,0,106
948,a,4915,890,91,50,0,1279,11,2216,0,0,378
948,c,2351,400,32,4,0,627,0,1129,0,0,159
948,d,1044,130,3,1,0,288,7,535,0,0,80
935,d,1457,151,8,2,0,436,0,775,0,0,85
935,c,3011,372,36,27,0,753,1,1633,4,0,185
935,a,8742,1207,280,253,0,2044,134,4051,25,5,743
935,f,130,40,0,0,0,37,0,47,0,0,6
935,b,6292,846,130,119,0,1506,25,3300,15,0,351
935,e,551,71,3,0,0,160,0,275,0,0,42
581,a,13160,4593,825,792,0,4175,262,1951,9,2,551
61,a,17621,6506,1296,1240,174,3705,402,3463,28,8,799
1093,g,660,0,1,0,0,183,0,283,0,0,193
1093,c,3977,0,31,0,0,1030,33,1664,0,4,1215
1093,d,2348,0,7,0,0,609,3,975,0,0,754
1093,f,226,0,0,0,0,83,0,92,0,0,51
1093,a,5151,0,96,0,0,1289,155,2080,0,4,1527
1093,e,342,0,0,0,0,93,1,157,0,0,91
1093,b,4649,0,60,0,0,1157,64,1944,0,6,1418
785,a,12498,2739,526,347,0,3526,231,4413,2,5,709
443,a,16641,6609,1110,887,364,3623,279,3056,5,10,698
963,a,1018,128,12,0,0,298,1,442,0,0,137
963,e,84,15,0,0,0,31,0,29,0,0,9
963,b,898,96,5,0,0,298,0,398,0,0,101
963,c,308,27,1,0,0,108,0,119,0,0,53
963,d,659,41,0,0,0,207,0,301,0,0,110
914,e,654,79,7,0,0,222,0,317,0,0,29
914,b,5351,773,99,57,0,1321,9,2971,7,0,114
914,h,35,5,1,0,0,13,0,14,0,0,2
914,f,387,60,3,0,0,105,0,198,0,0,21
914,a,7333,1193,113,158,0,1750,40,3883,46,0,150
914,c,2193,248,15,6,0,565,1,1282,2,0,74
914,d,2721,323,27,1,0,794,1,1480,0,0,95
914,g,367,54,0,0,0,137,0,151,0,0,25
1056,f,287,0,2,0,0,65,0,119,0,0,101
1056,a,3194,0,52,0,0,789,43,1315,0,1,994
1056,e,1025,0,2,0,0,237,0,391,0,1,394
1056,b,2149,0,19,0,0,475,9,933,0,0,713
1056,h,67,0,0,0,0,22,0,26,0,0,19
1056,g,108,0,0,0,0,23,0,49,0,0,36
1056,c,1368,0,9,0,0,309,2,562,0,0,486
1056,d,2054,0,9,0,0,455,1,893,0,0,696
987,c,5318,673,57,20,0,1248,8,2421,0,2,889
987,d,2344,172,20,2,0,624,1,1084,0,0,441
987,e,1863,203,16,4,0,453,1,816,0,0,370
987,b,6700,916,79,82,0,1506,45,2964,4,2,1102
987,f,404,38,5,0,0,112,0,156,0,0,93
987,a,7254,878,103,94,0,1691,49,3218,0,3,1218
200,b,13703,3970,744,1018,115,3412,261,3261,16,9,897
630,a,14090,7276,564,523,0,3467,166,1617,0,6,471
1080,b,5590,0,176,0,0,1770,86,2001,0,6,1551
1080,e,410,0,5,0,0,163,0,128,0,0,114
1080,a,6228,0,222,0,0,1952,167,2176,0,8,1703
1080,f,334,0,0,0,0,151,0,94,0,1,88
1080,d,923,0,13,0,0,349,1,320,0,0,240
1080,c,2748,0,52,0,0,997,8,938,0,1,752
1019,c,377,32,1,0,0,135,0,140,0,0,69
1019,d,526,23,5,3,0,96,0,212,0,0,187
1019,a,1179,128,17,1,0,351,0,426,0,0,256
1019,e,110,2,0,0,0,51,0,38,0,0,19
1019,b,691,46,7,0,0,187,0,288,0,1,162
926,j,35,1,0,0,0,8,0,16,0,0,10
926,g,100,4,2,28,0,9,24,28,0,0,5
926,c,210,23,5,36,0,35,30,60,0,0,21
926,i,72,2,3,8,0,11,19,18,0,0,11
926,d,87,6,1,20,0,6,17,28,0,0,9
926,f,10,0,0,2,0,1,2,2,0,0,3
926,a,362,36,7,22,0,71,22,162,1,0,41
926,e,76,8,1,4,0,20,10,22,0,0,11
926,h,30,2,0,0,0,9,0,13,0,0,6
926,b,198,29,9,3,0,42,12,64,0,0,39
951,d,11,0,0,0,0,2,0,4,0,0,5
951,c,17,0,0,0,0,5,0,7,0,0,5
951,g,1,0,0,0,0,0,0,1,0,0,0
951,b,8,0,0,0,0,1,0,4,0,0,3
951,e,5,0,0,0,0,0,0,2,0,0,3
951,a,17,0,0,0,0,5,0,7,0,0,5
96,a,32545,11606,2595,3024,344,6734,1079,5690,64,20,1389
131,a,22975,9610,1898,1984,329,4475,620,3287,0,13,759
1064,c,4215,0,62,0,0,1392,11,1716,0,1,1033
1064,d,2119,0,31,0,0,729,0,801,0,0,558
1064,e,866,0,8,0,0,302,0,320,0,0,236
1064,b,4925,0,96,0,0,1650,28,1955,0,2,1194
1064,f,35,0,0,0,0,14,0,10,0,0,11
1064,a,7044,0,286,0,0,2243,161,2641,0,11,1702
1013,a,5767,795,143,95,0,1324,37,2185,0,2,1186
1013,f,25,2,0,0,0,7,0,7,0,0,9
1013,b,4254,557,51,17,0,1042,4,1652,0,0,931
1013,e,649,96,7,0,0,161,0,245,0,0,140
1013,d,1098,136,22,0,0,305,0,381,0,0,254
1013,c,2758,361,39,5,0,696,1,1050,0,0,606
705,a,15583,4019,879,806,0,5877,390,2704,34,6,868
1060,f,144,0,1,0,0,61,0,57,0,0,25
1060,a,6263,0,165,0,0,2165,125,2287,0,2,1519
1060,e,1520,0,9,0,0,647,0,529,0,0,335
1060,b,5082,0,149,0,0,1719,45,1905,0,11,1253
1060,h,52,0,0,0,0,21,0,19,0,0,12
1060,g,24,0,0,0,0,13,0,7,0,0,4
1060,c,3085,0,53,0,0,1178,17,1105,0,1,731
1060,d,2373,0,48,0,0,975,2,796,0,0,552
1017,e,318,34,0,0,0,89,0,120,0,0,75
1017,b,6174,763,86,21,0,1525,7,2473,5,1,1293
1017,h,46,3,0,0,0,11,0,22,0,0,10
1017,f,690,47,4,0,0,191,0,241,0,0,207
1017,a,8290,1002,165,120,0,1993,84,3217,7,4,1698
1017,c,3847,487,28,9,0,1026,0,1456,0,0,841
1017,d,2626,209,19,3,0,716,0,1037,0,0,642
1017,g,214,9,2,0,0,89,0,74,0,0,40
928,b,901,54,51,3,0,210,0,509,0,0,74
928,a,1013,68,79,2,0,231,2,551,0,0,80
928,d,394,12,12,0,0,97,0,231,0,0,42
928,c,430,6,10,0,0,115,0,235,0,0,64
922,e,1044,85,10,0,0,350,0,544,0,0,55
922,b,5337,762,106,49,0,1325,17,2926,2,2,148
922,f,363,44,3,4,0,109,0,182,0,0,21
922,a,5774,954,193,119,0,1411,33,2873,13,0,178
922,c,4287,602,93,25,0,1074,6,2318,9,1,159
922,d,2738,363,66,3,0,782,7,1417,0,0,100
955,c,1534,116,10,1,0,412,0,794,0,0,201
955,d,211,33,1,0,0,63,0,83,0,0,31
955,f,88,8,1,0,0,40,0,30,0,0,9
955,a,4045,617,94,71,0,973,13,1978,13,1,285
955,e,40,2,0,0,0,12,0,23,0,0,3
955,b,2784,361,39,12,0,702,1,1457,0,1,211
148,a,19778,8228,1495,1491,267,3932,417,3172,15,7,754
1084,b,3288,0,80,0,0,759,27,1441,0,2,979
1084,e,291,0,5,0,0,86,0,105,0,0,95
1084,a,3937,0,109,0,0,933,60,1655,0,1,1179
1084,f,16,0,0,0,0,5,0,6,0,0,5
1084,d,1150,0,13,0,0,298,0,467,0,0,372
1084,c,2615,0,46,0,0,605,27,1157,0,1,779
236,a,26429,9462,1916,2068,304,5630,722,5046,0,24,1257
983,a,905,146,17,4,0,257,0,299,0,0,182
983,e,386,32,0,0,0,166,0,141,0,0,47
983,b,1569,265,29,4,0,399,32,580,0,0,260
983,c,491,44,3,0,0,147,0,212,0,0,85
983,d,138,18,0,0,0,62,0,48,0,0,10
1025,d,1078,62,10,0,0,355,2,407,0,0,242
1025,c,3884,405,37,2,0,986,28,1566,0,0,860
1025,g,97,5,0,0,0,41,0,30,0,0,21
1025,b,2811,272,37,3,0,742,7,1113,0,0,637
1025,e,305,16,2,0,0,107,0,98,1,0,81
1025,a,6734,780,136,52,0,1560,35,2732,2,2,1435
1025,f,318,16,1,0,0,100,0,121,0,0,80
1058,e,671,0,7,0,0,254,1,240,0,0,169
1058,b,4581,0,69,0,0,1465,56,1953,0,3,1035
1058,f,83,0,1,0,0,35,0,30,0,0,17
1058,a,5773,0,104,0,0,1782,161,2467,0,3,1256
1058,c,4002,0,36,0,0,1290,17,1749,0,1,909
1058,d,1235,0,7,0,0,406,4,541,0,0,277
1058,g,21,0,0,0,0,8,0,7,0,0,6
1,a,41598,10223,3974,3583,0,9673,1626,9661,200,85,2573
967,e,188,22,1,0,0,63,0,78,0,0,24
967,b,3118,486,39,13,0,833,7,1282,0,0,458
967,f,37,9,0,0,0,13,0,7,0,0,8
967,a,2874,476,37,43,0,751,11,1120,0,0,436
967,c,1503,208,12,5,0,407,3,619,0,0,249
967,d,718,77,5,1,0,206,1,309,0,0,119
910,c,841,118,12,22,0,210,6,442,8,0,23
910,b,992,205,43,43,0,203,3,471,8,0,16
910,a,2179,352,44,73,0,477,15,1033,8,0,177
989,e,187,28,1,0,0,54,0,75,0,0,29
989,b,4454,476,60,32,0,1080,9,2036,0,2,759
989,a,5888,653,79,74,0,1376,19,2661,5,0,1021
989,c,2331,261,32,5,0,631,3,929,1,1,468
989,d,364,42,2,0,0,98,0,130,0,0,92
1097,f,441,0,1,0,0,131,2,161,0,0,146
1097,a,5870,0,144,0,0,1360,148,2467,0,5,1746
1097,e,100,0,0,0,0,31,0,32,0,0,37
1097,b,4614,0,52,0,0,1108,49,1980,0,1,1424
1097,h,16,0,0,0,0,2,0,9,0,0,5
1097,g,92,0,0,0,0,33,0,32,0,0,27
1097,c,3442,0,21,0,0,820,8,1471,0,4,1118
1097,d,1115,0,4,0,0,330,1,410,0,0,370
1079,d,780,0,6,0,0,198,1,321,0,0,254
1079,c,798,0,12,0,0,200,1,340,0,0,245
1079,g,23,0,0,0,0,10,0,6,0,0,7
1079,b,2229,0,32,0,0,600,12,895,0,0,690
1079,e,277,0,0,0,0,69,0,103,0,0,105
1079,a,2671,0,37,0,0,726,15,1080,0,0,813
1079,f,37,0,0,0,0,8,0,12,0,0,17
466,a,13902,5873,846,825,478,2863,208,2301,9,6,493
931,d,2253,274,28,4,0,601,1,1212,0,1,132
931,c,1919,250,30,7,0,548,1,943,0,1,139
931,a,5659,808,181,129,0,1361,58,2732,6,1,383
931,f,292,36,2,0,0,68,0,160,0,0,26
931,b,4157,671,103,45,0,1021,8,2019,3,1,286
931,e,630,83,7,0,0,162,0,321,0,0,57
946,f,258,25,1,0,0,79,0,129,0,0,24
946,a,7326,1200,215,210,0,1757,75,3254,29,1,585
946,e,617,68,6,1,0,187,0,301,0,0,54
946,b,5517,703,135,56,0,1388,21,2759,9,0,446
946,g,239,26,1,0,0,77,0,116,0,0,19
946,c,4903,645,116,39,0,1217,11,2501,3,0,371
946,d,2198,241,23,5,0,640,1,1085,0,0,203
1073,b,6527,0,145,0,0,1836,60,2749,0,5,1732
1073,e,970,0,7,0,0,280,2,399,0,0,282
1073,a,7088,0,159,0,0,1972,130,2948,0,6,1873
1073,f,228,0,0,0,0,83,0,99,0,0,46
1073,d,3616,0,50,0,0,1043,10,1473,0,5,1035
1073,c,2542,0,36,0,0,825,0,946,0,1,734
1073,g,211,0,0,0,0,95,0,76,0,0,40
1004,f,177,7,0,0,0,60,0,70,0,0,40
1004,a,6295,760,93,93,0,1341,20,2850,5,2,1131
1004,e,580,61,2,0,0,171,0,236,0,0,110
1004,b,5226,659,70,36,0,1151,12,2307,2,0,989
1004,c,4561,505,41,9,0,1007,3,2129,0,0,867
1004,d,975,123,7,1,0,257,0,362,0,0,225
897,c,1613,253,15,3,0,496,1,819,4,0,22
897,d,552,71,9,0,0,169,0,282,3,0,18
897,e,88,4,1,0,0,50,1,28,0,0,4
897,b,4925,892,89,37,0,1263,13,2510,28,1,92
897,a,7234,1337,213,146,0,1822,61,3401,31,5,218
903,b,4937,859,134,91,0,1218,59,2455,16,0,105
903,e,764,70,5,0,0,242,0,419,0,0,28
903,a,7701,1510,233,275,0,1784,94,3513,58,0,234
903,f,368,29,2,0,0,157,1,161,0,0,18
903,d,1710,192,8,0,0,425,2,1008,0,0,75
903,c,5589,934,112,72,0,1433,25,2841,9,2,161
903,g,185,26,1,0,0,90,0,62,0,0,6
1036,e,876,0,11,0,0,267,0,346,0,0,252
1036,b,3690,0,93,0,0,1118,11,1547,0,2,919
1036,f,800,0,7,0,0,233,0,336,0,0,224
1036,a,6093,0,135,0,0,1856,55,2597,0,4,1446
1036,c,2776,0,47,0,0,876,6,1143,0,2,702
1036,d,4127,0,66,0,0,1197,10,1799,0,3,1052
1036,g,174,0,0,0,0,69,0,52,0,0,53
1041,d,2998,0,26,0,0,1098,4,1172,0,1,697
1041,c,4244,0,36,0,0,1491,0,1734,0,1,982
1041,a,7859,0,309,0,0,2530,133,3129,0,3,1755
1041,f,734,0,5,0,0,288,0,280,0,0,161
1041,b,6230,0,117,0,0,2099,48,2577,0,0,1389
1041,e,1694,0,11,0,0,648,1,664,0,1,369
990,e,1292,150,18,1,0,365,1,499,0,2,256
990,b,5098,640,57,23,0,1199,6,2242,0,0,931
990,f,481,57,1,0,0,169,0,173,0,0,81
990,a,6203,781,90,85,0,1448,35,2640,9,4,1111
990,c,3732,391,33,4,0,943,17,1634,1,1,708
990,d,2202,212,13,2,0,603,1,936,0,1,434
990,g,754,77,2,0,0,228,0,305,0,0,142
909,a,5439,906,76,65,0,1346,19,2907,28,0,92
909,f,276,29,4,0,0,91,0,141,1,0,10
909,b,4135,619,56,51,0,1078,12,2224,20,0,75
909,e,923,74,2,1,0,275,0,535,0,1,35
909,d,1099,110,21,1,0,295,0,629,2,0,41
909,c,2494,331,30,7,0,691,3,1308,1,0,123
750,a,14719,3489,582,691,0,4547,250,4566,17,2,575
904,b,358,28,19,0,0,81,0,228,2,0,0
904,e,2,0,0,0,0,1,0,1,0,0,0
904,a,340,24,28,0,0,74,1,212,1,0,0
904,d,1,0,0,0,0,1,0,0,0,0,0
904,c,198,7,6,0,0,50,0,134,1,0,0
50,a,40416,14715,4048,4265,401,7613,1392,6266,134,38,1544
119,a,12687,6313,1196,940,264,2207,155,1339,5,2,266
1046,g,17,0,0,0,0,7,0,5,0,0,5
1046,j,8,0,0,0,0,1,0,4,0,0,3
1046,d,30,0,0,0,0,15,0,7,0,0,8
1046,c,1135,0,16,0,0,390,7,431,0,0,291
1046,i,108,0,0,0,0,38,0,32,0,0,38
1046,a,174,0,0,0,0,37,0,99,0,0,38
1046,f,969,0,7,0,0,315,4,388,0,0,255
1046,h,555,0,2,0,0,174,0,227,0,0,152
1046,b,69,0,0,0,0,28,0,26,0,0,15
1046,e,2,0,0,0,0,0,0,2,0,0,0
1031,c,670,0,12,0,0,195,4,228,0,0,231
1031,d,286,0,1,0,0,107,1,98,0,0,79
1031,e,36,0,0,0,0,10,0,11,0,0,15
1031,b,638,0,20,0,0,160,4,200,0,0,254
1031,f,28,0,0,0,0,5,0,11,0,0,12
1031,a,1948,0,141,0,0,459,101,538,0,0,709
979,e,217,16,1,0,0,97,0,73,0,0,30
979,b,2739,305,33,14,0,713,4,1192,0,0,478
979,a,6453,816,144,131,0,1523,41,2736,3,1,1058
979,c,3172,269,28,4,0,855,1,1479,0,0,536
979,d,604,50,8,0,0,169,1,239,0,0,137
997,b,859,139,9,1,0,234,0,324,0,0,152
997,e,128,13,0,0,0,48,0,50,0,0,17
997,a,1236,171,28,0,0,320,1,477,0,0,239
997,d,194,13,0,0,0,69,0,70,0,2,40
997,c,523,50,9,0,0,181,1,172,0,0,110
228,a,15812,6243,1284,951,232,3145,267,2953,16,7,714
1009,g,317,26,2,0,0,111,0,116,0,0,62
1009,c,3534,363,47,10,0,817,6,1525,0,0,766
1009,d,3400,324,29,5,0,809,2,1472,1,0,758
1009,f,1014,61,8,0,0,341,0,388,0,0,216
1009,a,7088,863,186,136,0,1628,47,2848,4,1,1375
1009,e,1598,147,19,4,0,424,4,617,0,0,383
1009,b,4849,610,63,26,0,1166,11,1971,1,0,1001
1090,a,885,0,20,0,0,222,3,364,0,1,275
1090,k,206,0,0,0,0,47,0,81,0,0,78
1090,f,58,0,0,0,0,10,0,27,0,0,21
1090,l,238,0,1,0,0,47,0,102,0,0,88
1090,h,15,0,0,0,0,4,0,7,0,0,4
1090,b,262,0,4,0,0,60,1,100,0,0,97
1090,e,117,0,0,0,0,19,0,46,0,0,52
1090,m,1245,0,30,0,0,341,42,460,0,1,371
1090,g,23,0,0,0,0,6,0,11,0,0,6
1090,j,70,0,1,0,0,14,0,33,0,0,22
1090,d,415,0,4,0,0,96,1,175,0,0,139
1090,c,105,0,0,0,0,22,0,41,0,0,42
1090,i,268,0,0,0,0,59,0,100,0,0,109
936,c,489,56,4,4,0,153,0,239,0,0,33
936,d,103,8,2,1,0,39,0,45,0,0,8
936,e,73,11,0,0,0,30,0,25,0,0,7
936,b,917,129,10,1,0,259,0,438,0,0,80
936,a,1108,246,24,6,0,267,1,483,0,0,81
1003,c,4865,535,82,33,0,1073,9,2164,3,0,966
1003,d,3576,403,38,13,0,839,4,1564,0,2,713
1003,f,542,44,4,0,0,125,0,230,0,0,139
1003,a,8524,1054,173,180,0,1896,82,3545,5,6,1583
1003,e,1197,111,7,3,0,274,0,532,0,0,270
1003,b,4731,572,60,45,0,1047,8,2081,0,3,915
1074,c,418,0,1,0,0,87,0,183,0,0,147
1074,d,368,0,1,0,0,74,0,161,0,0,132
1074,e,29,0,0,0,0,4,0,13,0,0,12
1074,b,455,0,2,0,0,98,0,198,0,0,157
1074,f,148,0,1,0,0,37,0,62,0,0,48
1074,a,373,0,2,0,0,77,0,158,0,0,136
734,a,18449,3544,1158,871,0,5691,530,5642,29,9,975
379,a,15701,7107,1196,1328,407,2851,335,2022,9,4,442
984,b,5006,716,73,35,0,1263,17,2110,2,0,790
984,e,144,15,1,0,0,60,0,49,0,0,19
984,a,7311,1042,165,139,0,1718,66,2946,20,4,1211
984,d,1528,189,26,5,0,443,1,571,0,1,292
984,c,1477,205,22,7,0,385,1,547,0,1,309
889,c,296,33,1,0,0,99,0,158,0,0,5
889,d,96,8,0,0,0,27,0,61,0,0,0
889,e,95,12,0,0,0,31,0,48,0,0,4
889,b,468,52,4,0,0,144,0,260,0,0,8
889,a,638,68,14,1,0,206,0,342,0,0,7
1055,d,248,0,2,0,0,44,0,116,0,0,86
1055,c,632,0,9,0,0,136,0,259,0,0,228
1055,g,25,0,0,0,0,5,0,8,0,0,12
1055,b,2687,0,31,0,0,647,11,1141,0,0,857
1055,e,215,0,0,0,0,42,0,98,0,0,75
1055,a,3394,0,56,0,0,836,49,1398,0,2,1053
1055,f,196,0,0,0,0,52,0,74,0,0,70
1028,f,365,5,2,0,0,114,0,143,0,0,101
1028,a,6089,491,77,32,0,1355,22,2701,0,3,1408
1028,e,772,30,5,1,0,212,0,337,0,0,187
1028,h,297,3,0,0,0,107,0,139,0,0,48
1028,b,4717,326,57,5,0,1078,12,2134,0,0,1105
1028,g,237,3,1,0,0,94,0,85,0,0,54
1028,c,1783,91,12,1,0,386,0,806,0,0,487
1028,d,1319,49,11,0,0,359,0,549,0,0,351
917,e,36,3,1,0,0,20,0,11,0,0,1
917,b,959,104,6,0,0,279,0,544,0,0,26
917,a,967,180,11,3,0,278,1,476,0,0,18
917,c,158,24,0,0,0,51,0,76,0,0,7
917,d,251,50,0,0,0,93,0,98,0,0,10
960,a,4922,645,98,82,0,1219,25,2338,4,1,510
960,f,1317,82,10,0,0,424,0,651,0,0,150
960,b,3711,398,44,4,0,965,1,1917,0,0,382
960,h,78,11,1,0,0,35,0,26,0,0,5
960,e,750,94,5,0,0,211,0,357,0,0,83
960,g,347,53,0,0,0,154,0,109,0,0,31
960,d,1224,90,4,0,0,354,0,645,0,0,131
960,c,2362,188,18,3,0,635,0,1297,0,0,221
706,b,12585,3664,504,112,0,5178,44,2499,0,1,583
231,a,36738,10684,3002,3871,318,8177,1590,7088,105,40,1863
1089,f,307,0,2,0,0,76,2,112,0,0,115
1089,l,720,0,6,0,0,188,7,294,0,0,225
1089,a,208,0,0,0,0,49,0,75,0,0,84
1089,k,156,0,0,0,0,36,0,59,0,0,61
1089,e,386,0,1,0,0,111,1,138,0,0,135
1089,h,14,0,0,0,0,3,0,5,0,0,6
1089,b,37,0,0,0,0,3,0,18,0,0,16
1089,j,20,0,0,0,0,6,0,7,0,0,7
1089,m,98,0,1,0,0,19,0,43,0,0,35
1089,g,555,0,5,0,0,151,5,222,0,0,172
1089,c,76,0,0,0,0,22,0,27,0,0,27
1089,i,30,0,0,0,0,7,1,11,0,0,11
1089,d,16,0,0,0,0,5,0,5,0,0,6
1010,a,1200,113,20,9,0,341,0,459,0,0,258
1010,f,60,3,0,0,0,21,0,21,0,0,15
1010,b,678,50,3,0,0,183,0,296,0,0,146
1010,e,114,7,1,0,0,30,0,44,0,0,32
1010,d,877,67,7,0,0,254,0,338,0,0,211
1010,c,1010,79,8,3,0,287,0,415,0,0,218
1067,a,730,0,3,0,0,223,2,283,0,0,219
1067,e,116,0,0,0,0,35,0,48,0,0,33
1067,b,634,0,2,0,0,184,0,247,0,0,201
1067,c,247,0,0,0,0,75,0,90,0,0,82
1067,d,81,0,0,0,0,38,0,38,0,0,5
958,c3,160,12,0,0,0,48,0,78,0,0,22
958,a2,389,29,3,0,0,119,0,169,0,0,69
958,f2,412,39,5,0,0,128,0,190,0,0,50
958,a1,721,100,14,2,0,209,3,292,0,0,101
958,e3,90,5,0,0,0,28,0,42,0,0,15
958,f1,616,71,6,0,0,185,0,273,0,0,81
958,d2,32,1,0,0,0,7,0,21,0,0,3
958,e1,553,81,5,1,0,165,0,228,0,0,73
958,f3,206,16,0,0,0,64,0,93,0,0,33
958,a3,23,0,0,0,0,3,0,19,0,0,1
958,b1,1031,148,21,16,0,255,2,460,1,0,128
958,c2,447,61,1,2,0,140,0,188,0,0,55
958,d1,666,82,9,0,0,196,0,288,0,0,91
958,e2,267,38,17,0,0,78,0,99,0,0,35
958,b2,221,16,2,0,0,68,0,98,0,0,37
958,c1,924,130,14,5,0,237,0,412,0,0,126
405,a,18057,6929,1191,966,300,3856,427,3507,14,7,860
472,a,16583,7223,1117,1104,697,3193,300,2353,10,5,581
952,d,1095,106,37,14,0,290,3,530,0,0,115
952,c,1589,183,45,21,0,425,2,786,0,0,127
952,g,110,6,2,0,0,33,0,52,0,0,17
952,b,909,98,16,1,0,254,1,450,1,0,88
952,e,296,36,7,1,0,77,0,151,0,0,24
952,a,4312,662,145,271,0,994,69,1784,2,4,381
952,f,94,17,1,0,0,24,1,40,0,0,11
925,c,150,9,2,0,0,31,0,77,0,0,31
925,d,90,0,0,0,0,29,0,37,0,0,24
925,e,72,1,0,0,0,18,0,36,0,0,17
925,b,147,2,3,0,0,40,0,70,0,0,32
925,f,18,0,0,0,0,9,0,7,0,0,2
925,a,159,8,3,1,0,40,0,72,0,0,35
1083,c,134,0,0,0,0,34,0,48,0,0,52
1083,d,27,0,0,0,0,12,0,12,0,0,3
1083,f,55,0,0,0,0,17,0,32,0,0,6
1083,a,659,0,2,0,0,167,0,290,0,0,200
1083,e,556,0,6,0,0,126,0,261,0,0,163
1083,b,459,0,0,0,0,126,0,196,0,0,137
71,a,49535,15179,3817,5172,471,11381,1819,9204,121,49,2322
986,b,1262,146,19,2,0,372,1,519,0,1,202
986,e,199,11,1,0,0,76,0,83,0,0,28
986,a,1422,203,15,0,0,384,2,553,0,0,265
986,f,116,18,0,0,0,43,0,42,0,0,13
986,d,418,19,2,0,0,98,0,162,0,0,137
986,c,885,132,4,1,0,258,0,341,0,0,149
1057,a,1485,0,41,0,0,464,26,536,0,0,418
1057,b,915,0,21,0,0,262,7,327,0,0,298
1057,c,270,0,4,0,0,105,0,83,0,0,78
1020,d,462,50,3,0,0,121,0,155,0,0,133
1020,c,2156,250,14,0,0,568,1,812,0,2,509
1020,a,6110,832,94,58,0,1435,19,2380,0,4,1288
1020,b,6630,833,107,38,0,1582,16,2601,1,3,1449
1020,e,161,21,1,0,0,46,0,59,0,0,34
4,a,84548,29551,8876,10227,730,15527,3585,12559,0,111,3382
4,c,14294,4755,731,122,190,4144,39,3481,0,7,825
41,a,22514,8200,1818,1739,217,4741,627,4109,28,13,1022
915,g,500,61,4,2,0,166,0,245,0,0,22
915,c,3888,571,73,21,0,1050,6,2038,16,0,113
915,d,1660,201,28,3,0,490,0,852,0,0,86
915,f,744,89,4,0,0,259,0,352,0,0,40
915,a,7797,1308,238,212,0,1909,59,3822,64,2,183
915,e,1340,172,12,5,0,474,0,620,0,0,57
915,b,5282,818,125,84,0,1377,26,2723,30,0,99
962,a,6734,1013,168,171,0,1666,42,2991,0,0,683
962,f,440,38,2,0,0,165,0,178,0,0,57
962,b,4797,664,82,26,0,1232,7,2281,4,0,501
962,e,697,44,2,0,0,222,0,344,0,0,85
962,g,55,1,0,0,0,19,0,26,0,0,9
962,d,3457,365,41,1,0,935,0,1681,0,2,432
962,c,4428,497,30,15,0,1183,4,2205,3,0,491
1012,d,98,8,1,0,0,24,0,27,0,0,38
1012,c,1007,131,10,1,0,264,0,372,0,0,229
1012,b,1090,116,10,1,0,338,0,365,0,0,260
1012,e,89,7,0,0,0,23,0,37,0,0,22
1012,a,1220,149,32,2,0,305,1,430,0,0,301
1012,f,43,1,0,0,0,24,0,12,0,0,6
1065,a,7156,0,183,0,0,2061,148,2932,0,5,1827
1065,f,439,0,0,0,0,159,0,175,0,0,105
1065,b,5153,0,75,0,0,1482,28,2147,0,1,1420
1065,e,506,0,4,0,0,162,2,209,0,0,129
1065,g,81,0,0,0,0,21,0,23,0,0,37
1065,d,825,0,5,0,0,269,0,315,0,0,236
1065,c,3907,0,70,0,0,1157,8,1616,0,3,1053
599,a,12746,4273,909,742,0,4283,259,1846,20,3,411
500,a,16757,7196,966,638,834,3564,115,2837,6,2,599
950,c,2317,357,34,3,0,649,0,1086,0,0,188
950,d,1553,291,42,6,0,432,1,658,0,0,123
950,f,111,42,0,0,0,25,0,27,0,0,17
950,a,7126,1433,238,205,0,1707,59,2955,30,1,498
950,e,401,66,5,0,0,123,0,161,0,0,46
950,b,4952,955,119,64,0,1261,18,2208,0,1,326
1081,c,2161,0,13,0,0,463,9,947,0,1,728
1081,d,1202,0,6,0,0,282,1,488,0,0,425
1081,g,47,0,0,0,0,17,0,21,0,0,9
1081,e,882,0,2,0,0,224,1,346,0,0,309
1081,b,2220,0,20,0,0,457,8,985,0,0,750
1081,h,7,0,0,0,0,2,0,1,0,0,4
1081,f,216,0,0,0,0,59,0,87,0,0,70
1081,a,4407,0,92,0,0,966,90,1924,0,2,1333
906,c,538,75,5,2,0,179,0,264,0,0,13
906,d,501,130,1,0,0,159,1,170,0,0,40
906,e,94,11,0,0,0,38,0,39,0,0,6
906,b,616,79,18,0,0,205,0,298,3,0,13
906,a,932,137,14,0,0,270,0,497,2,0,12
892,c,2931,456,45,14,0,840,2,1510,0,0,64
892,d,967,143,13,2,0,294,2,488,1,0,24
892,a,7274,1496,255,150,0,1799,66,3378,0,1,129
892,e,221,15,2,0,0,74,0,110,0,0,20
892,b,5186,901,127,52,0,1311,22,2628,0,0,145
451,a,18186,7428,1286,1239,444,3662,347,3111,18,8,643
1039,e,127,0,0,0,0,79,0,18,0,0,30
1039,b,733,0,10,0,0,267,0,269,0,0,187
1039,a,362,0,2,0,0,143,0,131,0,0,86
1039,c,541,0,6,0,0,193,0,191,0,0,151
1039,d,475,0,0,0,0,197,0,172,0,0,106
25,a,15281,5161,922,1204,183,3573,459,2999,21,9,750
58,a,27066,9901,1929,1918,274,6127,638,5031,25,17,1206
1033,e,251,0,1,0,0,66,0,107,0,0,77
1033,b,3752,0,37,0,0,939,20,1743,0,2,1011
1033,f,204,0,0,0,0,51,0,93,0,0,60
1033,a,3967,0,36,0,0,1005,52,1797,0,2,1075
1033,c,2588,0,15,0,0,655,2,1175,0,1,740
1033,d,1397,0,11,0,0,323,0,603,0,3,457
1033,g,38,0,0,0,0,16,0,14,0,0,8
898,b,5527,1049,134,93,0,1258,35,2798,7,0,153
898,e,2565,354,24,5,0,669,2,1429,0,0,82
898,a,7369,1428,200,221,0,1779,57,3407,53,2,222
898,f,694,78,3,4,0,224,0,343,0,0,42
898,d,2346,336,42,6,0,647,36,1200,0,0,79
898,c,3221,466,41,5,0,844,14,1735,5,1,110
556,a,12576,4926,654,595,0,3792,152,2051,1,2,403
995,b,1003,94,11,4,0,257,2,420,0,0,215
995,e,299,8,1,1,0,102,0,114,0,0,73
995,a,484,24,3,0,0,125,0,218,0,0,114
995,f,306,24,1,0,0,104,0,109,0,0,68
995,d,333,20,3,0,0,107,0,127,0,0,76
995,c,596,35,6,1,0,156,0,243,0,1,154
758,a,13204,3160,437,615,0,3865,245,4289,13,7,573
281,a,27008,7726,1924,2607,249,6246,1147,5585,59,21,1444
1092,e,469,0,0,0,0,128,0,210,0,1,130
1092,b,5918,0,186,0,0,1351,169,2503,0,7,1702
1092,f,1196,0,2,0,0,301,2,525,0,0,366
1092,a,5576,0,128,0,0,1309,192,2335,0,7,1605
1092,c,2245,0,34,0,0,473,7,1038,0,3,690
1092,d1,1052,0,21,0,0,238,2,470,0,0,321
1092,d2,863,0,17,0,0,207,0,384,0,0,255
519,b,13151,5225,746,428,982,2960,118,2219,0,0,473
934,c,1568,233,21,6,0,440,1,769,0,1,97
934,d,582,92,5,4,0,170,0,291,0,0,20
934,e,99,11,0,0,0,26,0,54,0,0,8
934,b,5334,926,100,71,0,1326,17,2618,1,3,272
934,a,4297,818,84,24,0,1045,10,2077,1,0,238
580,a,22158,7218,1049,1011,0,6970,357,4454,2,9,1088
949,a,1253,255,17,2,0,354,0,534,0,0,91
949,f,34,0,1,0,0,6,0,22,0,0,5
949,b,1036,182,8,4,0,300,2,459,0,0,81
949,e,254,36,4,0,0,84,0,113,0,0,17
949,d,443,67,2,0,0,178,0,170,0,0,26
949,c,778,165,2,0,0,234,0,330,0,0,47
469,a,18365,7211,1161,1088,425,4102,328,3287,7,4,752
1076,b,5326,0,55,0,0,1435,62,2172,0,1,1601
1076,e,1694,0,3,0,0,497,0,695,0,0,499
1076,a,5508,0,76,0,0,1505,83,2189,0,2,1653
1076,f,310,0,0,0,0,100,0,113,0,0,97
1076,d,2186,0,7,0,0,646,0,835,0,0,698
1076,c,4997,0,77,0,0,1344,25,2036,0,2,1513
1076,g,120,0,0,0,0,40,0,47,0,0,33
1098,d,187,0,0,0,0,46,0,83,0,0,58
1098,c,289,0,1,0,0,68,1,125,0,0,94
1098,b,376,0,1,0,0,79,1,155,0,0,140
1098,e,32,0,0,0,0,8,0,12,0,0,12
1098,a,633,0,1,0,0,140,2,256,0,0,234
1098,f,8,0,0,0,0,4,0,1,0,0,3
327,a,13252,5931,723,401,306,2808,41,2577,0,2,463
617,a,22191,6347,1363,1720,0,6708,898,3980,45,19,1111
1101,e,1941,0,13,0,0,423,13,846,0,0,646
1101,b,2388,0,16,0,0,541,21,1079,0,2,729
1101,f,259,0,0,0,0,68,1,121,0,0,69
1101,a,2374,0,37,0,0,589,50,1035,0,1,662
1101,c,1749,0,12,0,0,373,4,784,0,2,574
1101,d,546,0,1,0,0,146,2,235,0,0,162
1101,g,214,0,0,0,0,64,1,84,0,0,65
1095,c,3480,0,53,0,0,829,26,1482,0,0,1090
1095,d,2428,0,23,0,0,580,9,1032,0,0,784
1095,f,1246,0,8,0,0,325,0,514,0,1,398
1095,a,5559,0,154,0,0,1370,240,2253,0,3,1539
1095,e,1084,0,12,0,0,271,4,430,0,3,364
1095,b,5335,0,125,0,0,1311,60,2317,0,4,1518
933,d,116,19,0,0,0,38,0,41,0,0,18
933,c,261,40,1,0,0,83,0,115,0,0,22
933,b,728,122,9,1,0,217,0,346,0,0,33
933,e,70,10,1,0,0,20,0,30,0,0,9
933,a,1146,184,19,0,0,358,0,513,0,0,72
944,f,8,1,0,0,0,2,0,4,0,0,1
944,a,310,15,8,0,0,53,0,187,0,0,47
944,e,111,1,3,0,0,19,0,69,0,0,19
944,b,249,2,7,0,0,51,0,148,0,0,41
944,g,14,2,0,0,0,2,0,8,0,0,2
944,c,245,4,7,1,0,42,0,162,0,0,29
944,d,149,2,3,0,0,28,0,96,0,0,20
939,a,7305,1268,159,162,0,1670,49,3551,13,0,433
939,f,283,38,0,0,0,103,0,119,1,0,22
939,b,6027,960,128,53,0,1452,18,3065,0,0,351
939,e,1940,222,18,1,0,600,0,972,0,0,127
939,d,3195,380,14,2,0,902,1,1704,0,0,192
939,c,3082,479,26,10,0,797,1,1582,0,0,187
1071,c,101,0,0,0,0,43,0,28,0,0,30
1071,d,156,0,0,0,0,45,0,43,0,0,68
1071,e,37,0,0,0,0,12,0,16,0,0,9
1071,b,607,0,2,0,0,222,0,216,0,0,167
1071,a,658,0,6,0,0,238,2,225,0,0,187
1006,b,6095,780,108,23,0,1377,12,2582,7,0,1206
1006,e,3687,320,45,5,0,869,0,1618,0,0,830
1006,a,9197,1145,280,195,0,2060,74,3696,9,1,1737
1006,f,1747,184,34,0,0,492,0,651,0,0,386
1006,d,3126,355,58,11,0,735,2,1315,2,0,648
1006,c,6448,810,119,25,0,1457,10,2759,0,5,1263
318,a,19742,7421,1335,1266,240,4320,416,3807,0,10,927
268,a,16514,6502,1188,1069,225,3534,297,2999,0,7,693
998,a,5238,553,82,31,0,1161,17,2418,2,1,973
998,e,148,21,0,0,0,45,0,41,0,0,41
998,b,4968,528,73,10,0,1095,6,2311,4,1,940
998,c,3356,323,25,4,0,774,3,1594,0,0,633
998,d,1034,114,15,3,0,285,0,383,0,1,233
976,a,5962,855,87,106,0,1500,33,2467,4,1,909
976,f,256,19,0,0,0,88,0,89,0,0,60
976,b,3927,558,54,30,0,1049,10,1599,4,0,623
976,e,1300,150,9,2,0,366,0,525,0,0,248
976,d,272,36,1,0,0,78,0,105,0,0,52
976,c,3836,467,36,6,0,1023,7,1657,0,0,640
895,d,735,64,6,0,0,241,0,410,0,0,14
895,c,1741,260,15,3,0,560,0,833,1,1,68
895,b,2354,352,30,3,0,675,2,1230,0,0,62
895,e,474,65,2,0,0,134,2,259,0,0,12
895,a,4390,725,112,58,0,1176,14,2225,9,0,71
901,d,195,21,0,0,0,77,0,90,0,0,7
901,c,561,73,5,0,0,200,0,268,0,0,15
901,a,992,122,9,1,0,305,1,538,0,0,16
901,b,570,70,9,0,0,178,0,303,0,0,10
901,e,25,0,0,0,0,12,0,13,0,0,0
1034,b,556,0,7,0,0,206,0,207,0,0,136
1034,e,84,0,0,0,0,39,0,25,0,0,20
1034,a,1046,0,14,0,0,390,2,372,0,0,268
1034,d,65,0,0,0,0,35,0,23,0,0,7
1034,c,261,0,2,0,0,93,0,106,0,0,60
116,a,3347,2619,509,162,57,0,0,0,0,0,0
1043,a,6132,0,133,0,0,1543,118,2571,0,5,1762
1043,f,933,0,3,0,0,310,2,327,0,1,290
1043,b,4190,0,62,0,0,1117,22,1809,0,1,1179
1043,e,1758,0,20,0,0,482,0,706,0,0,550
1043,g,42,0,0,0,0,13,0,19,0,0,10
1043,d,2853,0,40,0,0,780,3,1180,0,0,850
1043,c,3714,0,64,0,0,996,8,1580,0,3,1063
992,c,2928,245,24,7,0,655,2,1459,0,1,535
992,d,792,71,6,2,0,211,0,346,0,0,156
992,a,6180,632,86,27,0,1293,16,3013,0,1,1112
992,e,510,34,4,0,0,199,0,144,0,0,129
992,b,3428,282,43,4,0,751,4,1683,0,0,661
703,a,11970,3292,521,633,0,4862,251,1908,12,1,490
344,a,18911,7187,1541,1271,279,3789,464,3368,0,6,1006
339,a,32164,11612,2329,2388,415,7053,834,6065,47,23,1398
339,b,16148,6279,901,713,261,3570,211,3476,0,4,733
1062,c,3088,0,37,0,0,828,12,1294,0,1,916
1062,d,2006,0,34,0,0,559,2,843,0,2,566
1062,f,125,0,1,0,0,57,0,36,0,0,31
1062,a,4326,0,92,0,0,1146,36,1733,0,3,1316
1062,e,799,0,1,0,0,241,0,322,0,0,235
1062,b,3370,0,47,0,0,878,12,1392,0,1,1040
1015,d,3209,338,40,10,0,726,1,1349,2,0,743
1015,c,6407,696,94,17,0,1460,8,2727,0,0,1405
1015,e1,2168,148,29,8,0,531,1,893,2,1,555
1015,e2,1651,110,16,4,0,383,0,668,0,0,470
1015,b,5379,578,68,32,0,1255,9,2260,0,1,1176
1015,a,8272,985,185,126,0,1890,73,3317,5,3,1688
1015,f,404,45,3,1,0,115,0,144,0,0,96
920,c,4123,537,48,19,0,1085,0,2318,0,0,116
920,d,342,43,3,1,0,115,0,162,0,0,18
920,g,954,87,5,5,0,272,0,553,0,0,32
920,e,1414,163,16,3,0,393,0,732,0,0,107
920,b,4387,665,76,29,0,1170,3,2350,3,0,91
920,f,2318,294,15,4,0,667,2,1204,0,0,132
920,a,5273,863,99,51,0,1378,9,2760,8,0,105
957,c,2080,262,27,4,0,542,0,1101,0,0,144
957,d,972,94,17,1,0,299,0,485,0,0,76
957,e,107,16,1,0,0,38,0,45,0,0,7
957,b,2180,287,24,8,0,598,1,1123,0,0,139
957,a,3585,573,62,69,0,909,8,1696,8,0,260
1068,d,588,0,10,0,0,177,0,242,0,0,159
1068,c,1729,0,11,0,0,446,3,759,0,0,510
1068,a,3696,0,116,0,0,933,32,1563,0,6,1046
1068,f,73,0,0,0,0,24,0,26,0,0,23
1068,b,4417,0,67,0,0,1173,49,1929,0,6,1193
1068,e,552,0,4,0,0,143,1,230,0,0,174
1086,b,558,0,2,0,0,166,0,220,0,0,170
1086,e,90,0,0,0,0,23,0,41,0,0,26
1086,a,552,0,3,0,0,154,0,214,0,0,181
1086,f,12,0,0,0,0,3,0,3,0,0,6
1086,d,186,0,1,0,0,42,0,77,0,0,66
1086,c,296,0,1,0,0,84,0,120,0,0,91
271,a,21768,8328,1674,1711,271,4486,572,3722,28,9,967
918,d,1191,127,2,4,0,346,0,678,0,0,34
918,c,1716,270,19,9,0,480,0,872,0,0,66
918,b,6668,1031,130,69,0,1670,16,3482,31,1,238
918,e,26,0,2,0,0,3,0,17,0,0,4
918,a,8312,1516,181,230,0,1991,68,3987,62,1,276
981,g,392,32,1,0,0,116,0,160,0,0,83
981,c,2929,227,25,3,0,713,2,1358,0,0,601
981,d,1809,125,11,1,0,503,0,792,0,1,376
981,f,427,53,18,0,0,136,0,134,0,0,86
981,a,4372,394,61,56,0,1023,21,2008,0,0,809
981,e,1108,80,3,1,0,333,0,438,0,0,253
981,b,3889,284,36,3,0,920,10,1901,0,0,735
981,h,87,3,0,0,0,23,0,52,0,0,9
1027,a,7423,833,93,71,0,1667,93,3085,9,5,1567
1027,f,477,25,4,0,0,143,0,171,0,0,134
1027,b,5679,651,72,29,0,1325,12,2304,0,1,1285
1027,e,925,85,4,0,0,246,0,368,0,0,222
1027,g,157,8,2,0,0,56,0,58,0,0,33
1027,d,3452,331,32,0,0,864,2,1404,0,2,817
1027,c,4621,441,40,7,0,1067,3,1956,0,0,1107
965,e,600,39,2,0,0,208,0,234,0,0,117
965,b,2935,349,42,16,0,751,3,1372,1,0,401
965,a,4791,667,113,125,0,1184,32,2057,7,2,604
965,c,1328,180,19,1,0,349,1,578,0,0,200
965,d,1582,185,16,6,0,405,1,716,0,0,253
886,d,220,16,7,0,0,65,0,120,0,0,12
886,c,934,116,44,3,0,227,0,495,0,0,49
886,a,2060,383,127,42,0,477,35,863,8,2,123
886,f,73,2,1,0,0,35,0,29,0,0,6
886,b,1309,180,86,11,0,299,7,678,0,0,48
886,e,102,15,1,0,0,41,0,37,0,0,8
912,e,866,92,5,0,0,298,0,435,0,0,36
912,b,4981,684,87,39,0,1282,17,2742,25,0,105
912,a,7377,1126,152,166,0,1842,44,3808,59,0,180
912,c,417,34,6,1,0,130,0,236,0,0,10
912,d,1246,151,16,0,0,358,0,685,0,0,36
432,a,13738,5776,836,709,318,2904,196,2462,2,2,533
208,a,18690,7082,1312,1077,224,4191,367,3567,13,11,846
961,e,1907,198,17,0,0,521,2,955,0,0,214
961,b,5085,722,96,26,0,1247,10,2424,0,0,560
961,f,236,45,1,0,0,73,0,87,0,0,30
961,a,6049,1056,131,81,0,1494,18,2694,14,0,561
961,c,3347,440,55,10,0,882,3,1643,0,0,314
961,d,2134,282,23,5,0,576,2,1033,0,0,213
961,g,268,33,0,0,0,110,0,107,0,0,18
916,c,2917,347,29,8,0,808,3,1608,4,0,110
916,d,301,26,3,1,0,91,0,169,0,0,11
916,e,517,81,2,1,0,153,0,255,0,0,25
916,b,1105,177,11,8,0,311,3,551,1,0,43
916,a,5863,976,149,153,0,1426,40,2982,33,0,104
1029,b,6170,607,121,32,0,1487,16,2540,0,8,1359
1029,e,1224,72,9,0,0,384,0,444,0,0,315
1029,a,5699,611,137,32,0,1415,13,2237,0,3,1251
1029,f,1296,80,14,1,0,329,3,530,0,2,337
1029,d,2409,131,29,0,0,557,1,972,0,1,718
1029,c,3619,326,52,3,0,901,5,1488,0,3,841
1023,d,2171,202,8,1,0,528,0,918,0,0,514
1023,c,5476,570,51,12,0,1268,8,2328,3,0,1236
1023,g,22,0,0,0,0,9,0,6,0,0,7
1023,b,5931,652,67,24,0,1359,23,2522,0,1,1283
1023,e,1178,88,4,0,0,288,1,470,0,0,327
1023,a,5132,577,57,19,0,1205,10,2169,0,0,1095
1023,f,457,27,4,0,0,147,0,164,0,0,115
1054,g,58,0,0,0,0,26,0,16,0,0,16
1054,c,2782,0,28,0,0,629,6,1250,0,0,869
1054,d,1379,0,10,0,0,378,3,554,0,0,434
1054,f,177,0,0,0,0,46,0,90,0,0,41
1054,a,4102,0,78,0,0,948,81,1817,0,0,1178
1054,e,315,0,1,0,0,77,0,126,0,0,111
1054,b,3864,0,49,0,0,899,33,1761,0,0,1122
1054,h,47,0,0,0,0,14,0,18,0,0,15
985,g,171,20,0,0,0,73,0,50,0,0,28
985,d,1314,224,18,2,0,333,5,517,1,0,214
985,c,4003,536,47,9,0,1029,2,1674,1,0,705
985,a,5548,796,90,56,0,1348,8,2373,0,1,876
985,f,862,68,10,1,0,267,0,317,0,0,199
985,b,5014,711,65,28,0,1218,8,2163,1,1,819
985,e,1594,154,16,1,0,433,0,687,0,0,303
546,a,26835,8878,2227,2291,0,6820,949,4455,70,23,1122
888,d,2074,273,33,7,0,612,4,1066,1,0,78
888,c,3122,499,69,19,0,842,6,1582,1,0,104
888,g,694,68,7,0,0,286,0,293,0,0,40
888,b,4718,763,153,99,0,1208,27,2270,8,2,188
888,e,1931,215,17,2,0,647,0,959,0,0,91
888,a,5717,1266,243,183,0,1384,35,2480,12,1,113
888,f,220,27,1,0,0,72,0,105,0,0,15
677,a,17612,4235,1090,940,0,6273,391,3659,53,12,959
230,b,14547,4525,314,306,144,4000,142,4181,0,2,933
230,a,13064,4240,721,589,143,3466,198,3006,1,7,693
337,a,21474,8286,1310,932,305,5038,234,4456,0,9,904
707,a,12479,3476,550,423,0,5368,137,2087,7,2,429
1082,d,1536,0,13,0,0,440,1,571,0,0,511
1082,c,2455,0,20,0,0,713,13,939,0,2,768
1082,g,454,0,3,0,0,157,0,168,0,0,126
1082,b,3064,0,69,0,0,841,17,1166,0,4,967
1082,e,1228,0,10,0,0,365,1,487,0,1,364
1082,a,3678,0,70,0,0,1021,42,1382,0,3,1160
1082,f,94,0,0,0,0,37,0,36,0,1,20
924,c,529,43,16,2,0,144,2,266,0,0,56
924,d,184,13,4,0,0,59,0,87,0,0,21
924,e,118,8,3,0,0,44,0,49,0,0,14
924,b,630,32,11,1,0,187,3,331,0,0,65
924,f,22,1,0,0,0,10,0,8,0,0,3
924,a,529,44,11,1,0,146,1,282,0,0,44
953,f,12,1,0,2,0,1,2,4,0,0,2
953,a,834,136,13,35,0,172,23,401,1,0,53
953,e,61,5,0,6,0,11,11,20,0,0,8
953,h,25,0,0,2,0,5,1,14,0,0,3
953,b,317,39,5,19,0,64,24,135,0,0,31
953,j,24,2,0,0,0,5,0,12,0,0,5
953,g,126,8,2,33,0,17,23,38,0,0,5
953,c,247,17,2,61,0,31,70,50,0,0,16
953,i,38,1,0,9,0,6,10,4,0,0,8
953,d,90,4,1,28,0,11,20,21,0,0,5
509,a,12619,5345,825,764,843,2361,195,1750,16,4,516
479,a,21769,7911,1841,1661,464,4623,572,3756,26,13,902
959,a,8320,1137,229,235,0,1915,142,3717,22,6,917
959,f,521,38,3,0,0,166,0,245,0,0,69
959,b,4793,529,64,3,0,1163,3,2554,0,0,477
959,e,1778,162,15,5,0,484,1,915,0,1,195
959,d,1831,144,18,11,0,525,1,923,0,0,209
959,c,2999,286,32,4,0,747,3,1649,0,0,278
1088,b,4748,0,76,0,0,1267,33,1916,0,3,1453
1088,e,535,0,2,0,0,168,0,209,0,0,156
1088,a,5391,0,127,0,0,1423,133,2115,0,7,1586
1088,f,131,0,0,0,0,41,0,50,0,0,40
1088,d,1026,0,2,0,0,298,5,422,0,1,298
1088,c,3147,0,35,0,0,797,10,1296,0,0,1009
133,a,24130,9362,1913,2063,331,4900,644,3928,20,12,957
1066,d,2357,0,48,0,0,681,4,977,0,0,647
1066,c,4088,0,92,0,0,1126,17,1776,0,0,1077
1066,a,6255,0,221,0,0,1736,111,2558,0,3,1626
1066,f,785,0,15,0,0,254,0,323,0,1,192
1066,b,3586,0,93,0,0,1012,33,1481,0,1,966
1066,e,2423,0,41,0,0,638,4,1052,0,2,686
1011,d,1421,117,9,2,0,343,3,569,0,0,378
1011,c,3958,425,59,13,0,919,3,1654,0,10,875
1011,a,6614,890,111,56,0,1548,17,2681,0,4,1307
1011,f,592,67,6,0,0,153,0,208,0,0,158
1011,b,5432,646,82,20,0,1340,6,2234,1,4,1099
1011,e,1636,160,10,1,0,419,1,619,0,0,426
144,a,15051,4850,968,896,186,3846,287,3306,10,9,693
282,a,3197,2621,355,132,89,0,0,0,0,0,0
266,b,23322,8621,1479,1409,267,5104,440,4898,21,10,1073
266,a,29857,10579,2517,2434,339,6169,853,5540,64,17,1345
978,g,1844,261,28,6,0,467,3,749,0,0,330
978,c,6050,912,125,41,0,1448,15,2474,0,1,1034
978,d,3241,492,55,14,0,827,6,1283,0,0,564
978,f,3169,453,55,7,0,793,2,1331,0,0,528
978,a,7790,1285,241,144,0,1825,76,2991,3,0,1225
978,e,3684,565,58,16,0,939,7,1488,0,2,609
978,b,7982,1266,216,125,0,1868,82,3100,13,1,1311
996,d,3217,236,27,13,0,695,9,1611,3,0,623
996,c,489,36,6,0,0,138,1,194,1,0,113
996,a,8004,688,299,132,0,1737,131,3400,4,8,1605
996,f,173,15,9,1,0,35,0,69,0,0,44
996,b,4526,470,79,27,0,1000,15,2070,0,1,864
996,e,559,39,7,1,0,140,0,238,0,0,134
1030,f,81,0,0,0,0,24,0,28,0,0,29
1030,a,4575,0,284,0,0,1285,271,1317,0,11,1407
1030,e,478,0,2,0,0,195,0,154,0,0,127
1030,b,1754,0,96,0,0,485,17,537,0,1,618
1030,g,36,0,0,0,0,17,1,13,0,0,5
1030,c,1527,0,53,0,0,484,10,488,0,1,491
1030,d,486,0,9,0,0,174,1,167,0,0,135
1047,a,8108,0,229,0,0,2449,239,3357,0,8,1826
1047,e,47,0,0,0,0,12,0,16,0,0,19
1047,b,7478,0,178,0,0,2204,173,3206,0,6,1711
1047,c,3102,0,22,0,0,904,6,1400,0,0,770
1047,d,629,0,9,0,0,211,2,235,0,1,171
112,a,32458,11068,2409,2797,344,6783,1050,6413,40,22,1532
118,a,40561,13883,3373,3907,473,8639,1331,7070,79,32,1774
891,c,680,80,7,0,0,211,0,354,0,0,28
891,d,57,10,0,0,0,17,0,28,0,0,2
891,e,178,34,0,0,0,68,0,67,0,0,9
891,b,897,156,11,1,0,264,1,443,0,0,21
891,a,1498,227,28,9,0,404,4,744,1,2,79
1075,a,3773,0,95,0,0,1018,58,1524,0,6,1072
1075,f,100,0,0,0,0,26,0,33,0,0,41
1075,b,2664,0,44,0,0,678,19,1166,0,0,757
1075,e,225,0,1,0,0,53,0,93,0,0,78
1075,d,422,0,1,0,0,107,0,174,0,0,140
1075,c,761,0,2,0,0,183,1,340,0,0,235
69,a,22813,5985,1484,2012,179,5577,841,5373,56,19,1287
510,a,16106,6208,1398,1061,775,3261,270,2529,19,6,579
937,c,2105,295,26,7,0,550,1,1093,0,0,133
937,d,1056,114,6,0,0,301,7,547,0,0,81
937,e,198,22,1,0,0,69,1,85,0,0,20
937,b,4249,637,63,24,0,1112,4,2164,2,0,243
937,a,7390,1250,175,135,0,1892,44,3383,10,1,500
940,b,4217,785,88,38,0,1061,9,1975,4,0,257
940,e,1441,221,9,0,0,383,0,716,0,0,112
940,a,4802,872,107,35,0,1203,9,2279,2,0,295
940,f,718,146,1,0,0,259,0,247,0,0,65
940,d,2365,397,37,5,0,638,2,1131,0,0,155
940,c,3379,606,52,40,0,895,4,1580,0,0,202
460,a,15816,7124,1097,1285,552,2863,273,2122,12,4,484
1008,a,6768,899,138,100,0,1561,31,2736,14,6,1283
1008,b,6328,807,119,51,0,1487,14,2647,0,4,1199
1008,e,56,6,0,0,0,21,0,14,0,0,15
1008,d,257,47,1,1,0,80,0,77,0,0,51
1008,c,4866,592,71,4,0,1183,2,2098,0,1,915
1091,c,3988,0,41,0,0,1145,11,1552,0,2,1237
1091,d,2498,0,18,0,0,783,8,948,0,1,740
1091,g,3,0,0,0,0,1,0,2,0,0,0
1091,e,527,0,0,0,0,148,6,213,0,0,160
1091,b,5093,0,65,0,0,1373,25,2040,0,0,1590
1091,h,105,0,0,0,0,28,0,46,0,0,31
1091,f,355,0,5,0,0,125,3,136,0,0,86
1091,a,7106,0,169,0,0,1931,262,2639,0,6,2099
1005,c,5045,517,63,0,0,1168,1,2298,0,0,998
1005,d,3977,514,66,7,0,921,5,1662,1,0,801
1005,f,635,66,4,0,0,189,0,222,0,0,154
1005,a,8210,1003,199,174,0,1875,70,3353,10,3,1523
1005,e1,1806,172,37,0,0,422,1,783,0,0,391
1005,b,7249,974,179,67,0,1651,54,2972,1,1,1350
1005,e2,563,55,2,0,0,152,0,217,0,1,136
1072,b,2199,0,29,0,0,736,2,865,0,1,566
1072,e,25,0,0,0,0,9,0,5,0,0,11
1072,a,3837,0,75,0,0,1184,57,1569,0,3,949
1072,f,12,0,0,0,0,4,0,1,0,0,7
1072,d,773,0,4,0,0,263,0,280,0,0,226
1072,c,1960,0,27,0,0,637,3,782,0,2,509
467,a,22660,8510,1689,2053,528,4587,682,3622,39,12,938
947,e,40,5,0,0,0,14,0,18,0,0,3
947,b,678,71,3,0,0,223,0,341,0,0,40
947,f,8,0,0,0,0,1,0,7,0,0,0
947,a,684,81,3,0,0,215,0,334,0,2,49
947,c,721,87,6,0,0,236,0,342,0,0,50
947,d,295,30,2,0,0,104,0,140,0,0,19
489,c,13891,5192,546,248,503,3365,43,3347,2,6,639
489,b,13046,5258,597,215,475,3002,56,2833,6,1,603
930,d,209,19,2,0,0,65,0,107,0,0,16
930,c,740,86,5,0,0,210,0,380,0,0,59
930,a,990,111,8,1,0,277,4,511,0,0,78
930,b,847,97,7,1,0,235,1,435,0,0,71
930,e,120,13,0,0,0,47,0,57,0,0,3
1102,a,4875,0,99,0,0,1101,141,2112,0,3,1419
1102,f,461,0,1,0,0,118,0,188,0,0,154
1102,b,3042,0,30,0,0,649,22,1429,0,0,912
1102,e,1487,0,9,0,0,328,1,665,0,1,483
1102,d,2411,0,30,0,0,508,19,1106,0,1,747
1102,c,3969,0,69,0,0,843,31,1854,0,0,1172
1096,f,582,0,1,0,0,175,2,226,0,1,177
1096,a,6362,0,77,0,0,1581,129,2656,0,3,1916
1096,e,187,0,0,0,0,74,0,76,0,0,37
1096,b,4320,0,31,0,0,1055,36,1841,0,3,1354
1096,g,588,0,1,0,0,168,1,251,0,0,167
1096,c,3084,0,27,0,0,788,24,1258,0,1,986
1096,d,2075,0,17,0,0,542,6,841,0,1,668
1078,d,174,0,2,0,0,42,0,76,0,0,54
1078,c,272,0,2,0,0,75,0,126,0,0,69
1078,b,537,0,4,0,0,130,0,224,0,0,179
1078,e,24,0,0,0,0,9,0,7,0,0,8
1078,a,512,0,4,0,0,125,1,208,0,0,174
991,c,4371,366,57,6,0,1037,2,2083,0,1,819
991,d,3591,320,40,11,0,869,3,1655,0,2,691
991,e,1786,124,15,3,0,471,1,824,0,0,348
991,b,5812,541,89,42,0,1334,16,2722,0,1,1067
991,f,196,6,2,0,0,68,0,70,0,0,50
991,a,6016,626,91,93,0,1313,34,2774,1,2,1082
908,e,459,62,3,0,0,145,0,240,1,0,8
908,h,156,20,0,0,0,56,0,72,0,0,8
908,b,5974,849,86,43,0,1659,8,3234,22,0,73
908,f,857,103,8,0,0,262,0,469,0,0,15
908,a,8922,1348,197,207,0,2326,68,4498,68,0,210
908,c,4726,607,52,16,0,1309,5,2646,18,0,73
908,d,1343,195,8,3,0,453,0,664,3,0,17
908,g,373,77,0,0,0,121,0,156,0,0,19
1040,c,165,0,1,0,0,47,0,65,0,0,52
1040,d,864,0,5,0,0,231,2,346,0,0,280
1040,e,260,0,3,0,0,65,0,119,0,0,73
1040,b,4165,0,61,0,0,1132,33,1932,0,5,1002
1040,a,5582,0,86,0,0,1517,100,2609,0,7,1263
1037,c,5864,341,71,8,0,1401,12,2626,0,2,1403
1037,d,4577,207,49,0,0,1209,1,1987,0,0,1124
1037,g,124,4,0,0,0,51,0,46,0,0,23
1037,e,1702,68,6,0,0,529,0,674,0,0,425
1037,b,5751,360,87,5,0,1387,6,2544,0,1,1361
1037,h,177,3,0,0,0,71,0,51,0,0,52
1037,f,620,30,5,0,0,184,0,232,0,0,169
1037,a,6187,423,88,33,0,1543,45,2622,0,3,1430
455,a,14218,5150,463,163,426,3796,28,3501,0,2,689
896,a,938,161,11,4,0,267,1,474,4,0,16
896,b,692,93,5,1,0,229,1,350,0,0,13
896,e,568,53,4,0,0,172,0,299,0,0,40
896,d,187,19,2,0,0,82,0,78,0,0,6
896,c,560,36,0,0,0,310,0,163,0,0,51
902,b,4737,597,69,23,0,1261,7,2598,3,1,178
902,e,158,9,1,0,0,52,0,91,0,0,5
902,a,5501,839,91,81,0,1420,16,2908,22,0,124
902,d,467,61,2,0,0,121,1,268,0,0,14
902,c,2438,292,21,2,0,652,2,1428,0,0,41
975,c,4041,484,47,9,0,1073,3,1754,0,1,670
975,d,1322,114,10,1,0,375,1,568,0,0,253
975,e,259,10,1,2,0,68,1,109,0,0,68
975,b,4332,517,44,24,0,1150,6,1938,1,0,652
975,a,5264,644,63,19,0,1386,11,2317,0,0,824
1085,d,282,0,2,0,0,59,1,100,0,0,120
1085,c,341,0,2,0,0,69,1,112,0,0,157
1085,g,10,0,0,0,0,3,0,4,0,0,3
1085,b,790,0,25,0,0,138,10,261,0,0,356
1085,e,21,0,0,0,0,8,0,7,0,0,6
1085,a,1042,0,44,0,0,214,17,331,0,1,435
1085,f,12,0,0,0,0,4,0,3,0,0,5
954,b,3655,627,42,26,0,935,7,1702,3,1,312
954,h,218,37,0,0,0,77,0,83,1,0,20
954,e,1062,116,7,3,0,320,7,489,0,0,120
954,a,5324,890,119,131,0,1243,44,2397,19,0,481
954,f,518,60,0,0,0,160,0,249,0,0,49
954,d,2595,396,34,1,0,754,0,1167,0,1,242
954,i,315,39,0,0,0,114,0,122,0,0,40
954,c,2223,316,32,7,0,570,7,1079,0,0,212
954,g,955,134,22,0,0,287,1,403,0,0,108
923,e,29,3,0,0,0,14,0,10,0,0,2
923,b,1112,118,31,2,0,286,0,554,0,0,121
923,f,20,0,0,0,0,5,0,15,0,0,0
923,a,964,110,35,2,0,244,18,448,1,0,106
923,c,732,57,22,0,0,177,0,392,0,0,84
923,d,212,22,4,0,0,55,0,113,0,0,18
579,a,13101,4820,575,587,0,4197,166,2283,11,1,460
474,b,13076,5478,807,357,456,2884,103,2458,0,2,531
929,d,78,2,5,0,0,20,0,38,0,0,13
929,c,529,26,23,1,0,129,0,294,0,0,56
929,b,878,64,71,3,0,208,1,451,0,0,80
929,a,1064,80,106,8,0,225,6,528,1,0,110
490,a,12631,5262,838,515,535,2669,116,2228,3,4,461
1016,c,2316,317,24,3,0,588,2,867,0,0,515
1016,d,2632,309,26,3,0,641,3,1056,0,0,594
1016,g,139,10,0,0,0,43,0,50,0,0,36
1016,e,721,64,6,0,0,206,0,260,0,0,185
1016,b,5673,719,78,20,0,1406,5,2230,0,0,1215
1016,f,221,10,0,0,0,86,0,66,0,0,59
1016,a,7522,933,161,97,0,1770,33,2992,0,2,1534
1061,b,1775,0,41,0,0,503,9,737,0,1,484
1061,e,205,0,1,0,0,105,0,54,0,0,45
1061,a,6182,0,211,0,0,1665,144,2426,0,4,1732
1061,f,281,0,0,0,0,72,0,114,0,0,95
1061,d,1189,0,7,0,0,349,0,483,0,0,350
1061,c,2448,0,9,0,0,700,3,987,0,0,749
911,d,2584,352,32,13,0,695,16,1408,0,0,68
911,c,4070,531,68,42,0,1056,18,2265,6,0,84
911,g,749,68,9,2,0,186,0,424,0,0,60
911,b,5425,831,118,86,0,1372,28,2828,15,1,146
911,e,1331,159,16,3,0,373,3,737,0,0,40
911,a,6611,1043,142,158,0,1630,40,3419,16,1,162
911,f,533,57,6,0,0,190,0,254,0,0,26
966,c,455,50,0,0,0,130,0,223,0,0,52
966,d,184,25,0,0,0,50,0,82,0,0,27
966,f,22,1,0,0,0,5,0,15,0,0,1
966,a,639,60,2,1,0,188,0,282,0,0,106
966,e,160,19,0,0,0,51,0,59,0,0,31
966,b,584,54,1,0,0,173,0,264,0,0,92
988,f,1024,117,16,2,0,277,1,410,0,0,201
988,a,8832,1305,246,141,0,2013,40,3630,6,2,1449
988,e,1652,190,47,5,0,390,3,704,0,0,313
988,b,7137,1063,166,51,0,1712,11,2939,0,3,1192
988,c,4542,457,77,8,0,1142,1,2056,0,0,801
988,d,3041,259,42,4,0,739,0,1380,0,0,617
1059,d,1811,0,14,0,0,603,2,634,0,0,558
1059,c,3956,0,62,0,0,1299,3,1553,0,0,1039
1059,a,6485,0,156,0,0,1999,72,2625,0,7,1626
1059,b,4531,0,80,0,0,1486,22,1759,0,5,1179
1059,e,706,0,5,0,0,272,1,253,0,0,175
1053,c,393,0,0,0,0,135,0,177,0,0,81
1053,d,136,0,0,0,0,47,0,66,0,0,23
1053,e,30,0,0,0,0,16,0,8,0,0,6
1053,b,661,0,3,0,0,227,1,273,0,0,157
1053,a,502,0,3,0,0,172,1,218,0,0,108
982,a,5583,685,145,66,0,1323,19,2427,0,0,918
982,f,144,7,0,0,0,47,0,63,0,0,27
982,b,4662,468,61,8,0,1117,4,2181,0,1,822
982,e,307,22,2,2,0,108,0,114,0,1,58
982,d,1429,94,9,0,0,417,0,637,0,0,272
982,c,3897,310,26,3,0,986,2,1895,0,1,674
732,a,13843,3418,654,615,0,4666,206,3736,7,3,538
